jiEvCJ/~@y, b6dc1ff4556cb3736a0669dfbbd0a648
ulZO1!!m/B, 72aaa4dee71f32d707eb923a2454b8c6
cF0zB,&T7v, 7b776e5bb1ea836b2d080be0d49edba7
~EV:5mQE=[If0A]6, 4d162ad820957ab5b6d2bdecce9df1ee
1Fj0SMN=i!>Y, e23a3c0c3e1808998fb4d56f11b04714
uY3L?WZ"C3, 59e1cea15cabc72447dd8954aaf8ee01
8K~mMM"F,>, 906dfbc2ac3b2543bb2f9a93ad1d7bff
A9[JG:V>_UX#|d`\, d79631f01d9aebf6f725a45eb28d1ca4
M.8CI^$xyJ, a7c8c6e51e4c52facfac6efb3ddaeeea
x\1phk_0e7, db19f59f878cf63b5a2220b7b4761789
g3h6yp'^)[b0, c171418260997bafc277ba08596ef353
pup}/&&S, b110e13cb2576ff39ce46a3f19dbe6ee
2@P?zUBde, d3a27c972b372f92d64c3fec0b7dcaf2
F3+3`9%Ut, c4e4000d1d2ee86077cd16579b8fee99
IW^W',lJw, d632c3158c5984747cd6d4f105b3a7b4
}-{U`GEb/, 14f00dc8be35677a40c60a0801e15d90
j{gn0n=18, 482bca624d5d758619eefbf102218226
Av_2tGZfW, 9ef9933ddbcfdfd132c3ee1bf001a17e
tH=|$YUl,, 42292e3902b88bf2a415f9b697988340
f,^#{3+hE, bff671cb0c2e095be9097765f0fa17a7
2Jwo{@{Ko, 543318e0362e13659988bfbe89cfa6d9
&3=)'viN8, 2a8d8d973344a890c8af35bad5ef27da
aW'm>H+un, e2696dafba4026cebebfa94276af87b4
v::6Gj$#`(_.4H!, 52cfc246cb1512bb16630bdccf81842c
;o;GdN`mPJv.uIS, 7f5ec79b84fe2ad1b83920bb9793869e
)9u).9Qq|s\B=7=, 7de2c81ba3d2aec31f172dd20b87a323
^T&IX5`]%]T9gY?, a8f52aafba0a65fd030db5507907947a
WVG9Y@5w, 7f35560a09fa61a77b6aa552213deac9
9{^n9|0y, bfcc81b01d61e412fd66a574e9e97eb7
I"G^:}U)5, 7d1099680e2b1b50c3df61fc9c680f30
Iej"!69}5, 7251402677f9413f53f22e10f7dcd18b
,!yi3z.=,, 997ae554a753aabbcff1cbbfde6493c7
Ow{Y']N8_, 18b8a3203e8f6c822938a5442a1e1bd5
-+C#~sA?8, cb2c5addfc8cd5e25bbda7ad3398dee0
dWIDS^.LN, 1fbf4d8e36a26c3fb3e979ff76f5e85f
gl!,'`'<h, d213965b71c8c605bb428daa7a04a26f
<!Pkv3vif, 15f7dcb21dc8f480ec91f7ffcde288ed
r$tU&;pAy, e6f7d73312e18eee911877d6b96e4869
'`+\*w)k9, d896ad07e9dae2f09b7c2e4be6929b74
Sg^=,u#.F, 409653256d48a0acf24a9a09baf4bb38
+F"1"lPB, 64c899df14543846bee6cd7a7fe8c193
0{Vn!(Q7-., c8314133c6b0a73938bb6470cb324b7b
}o~CM0`|c^, f784087a777b53cefcf301a7e42a664f
L$Fez<5Vu@, 895c972b829aef035e8b8363b41d950a
eL7!mVy=RH, 80b5148f1c13cec18219b5cd0f009c28
a,!E'Z(f'|, c08b1e09b43c02fe2d0668ae8868115d
_xR_}pos81, d7615fd2862caadffc2aee3b0b4afc1e
ca%=Wq{ME], 1068abf3373bda9eb0e7a7d924d5b9c1
.0=POe<py3, 8e4556e6fe5b3afb98ef984eee6053cc
69o$]hsgh(, 2312c6c8dff44926a048fe937a8e0368
]&NCZXPRl>, 47bc3334bd0fa8fb7cc7992e1e5b71f5
V3Ur'tus[D, 1f51bad5386ee70edd6ed675504792c2
O`u;A&g'\5, ac7815ed589fefd6a592ea0601357e4c
qx%)YyI"o!, 7bd04d70475abacc2b9b4fac13cd0c8c
6U"WlI{e[e, a5074da1548758ee7e33c5b832107c7b
gSh5b?LP, c48479ed5dc4dab54ab89ff6799e81e2
/8z]2{9@, 5139ec4a835b807582c6890672390016
=L4kjv1x, e119c9317ea6c1422889fcffbf8fe718
be-txc=zDn, 85f9cbe9434006b5cf14064b9a00a63e
1{zr+kNH[J, ce38a682fe7b4e756ad155da287fde6e
n3y"9S_X^2, 2f889b74fd0eca5406c2bd66c61294a0
(>+/?r&y;., d2974ee8f8a07733134e98cb40f9151e
2+];+ko;%:, e432f2bb33f4393e4c81913a20594926
